"name","createdAt","updatedAt","id"
"1. Photobooth","2023-07-30 20:21:59.268224","2023-08-25 15:32:55.681917",1
"2. Merchandise","2023-07-31 20:52:23.669399","2023-08-23 23:26:43.226663",2
"3. Converse (paint)","2023-08-01 06:07:44.146870","2023-08-25 15:32:55.841962",3
"4. One siam booth","2023-08-01 06:08:00.946086","2023-08-25 15:32:55.981932",4
"5. Show me if you can","2023-08-01 06:08:08.135678","2023-08-25 15:32:56.111944",5
"6. Colorists bar","2023-08-01 06:08:15.987728","2023-08-25 15:32:56.301931",6
"7. Create your playlist","2023-08-01 06:08:25.434802","2023-08-25 15:32:56.441780",7
"8. Converse (dance)","2023-07-30 20:21:34.693770","2023-08-25 15:32:56.567118",8
"9. Paint your art","2023-07-31 20:50:57.661848","2023-08-25 15:32:56.757081",9
"10. Colorists game booth","2023-07-31 20:51:08.989297","2023-08-25 15:32:56.957111",10
"11. Color room by converse","2023-07-31 20:51:23.181929","2023-08-25 15:32:57.161934",11
"12. Jameson (hall2)","2023-07-30 20:21:17.586539","2023-08-25 15:32:57.426890",12
"13. Jameson (concert1)","2023-07-31 20:51:58.046064","2023-08-25 15:32:57.562186",13
"14. Jameson (concert2)","2023-07-31 20:52:10.507995","2023-08-25 15:32:57.732081",14
